게시물 이름,URL 게시,게시일,게시자,상태,주제
백준 16395 - 파스칼의 삼각형,https://ss-coding-99.tistory.com/8,2025년 07월 28일,정수민,게시됨,알고리즘
Python List Comprehension,https://derek0517.tistory.com/10,2025년 07월 28일,김강연,게시됨,Python
Git 주요 명령어 및 사용법,https://derek0517.tistory.com/4,2025년 07월 18일,김강연,게시됨,Git
"파이썬 f-string, indexing, slicing, escape code 정리",https://derek0517.tistory.com/6,2025년 07월 21일,김강연,게시됨,Python
"Python mutable/immutable 객체, 얕은 복사와 깊은 복사의 차이",https://derek0517.tistory.com/7,2025년 07월 22일,김강연,게시됨,Python
"Python lambda 함수와 map(), filter(), reduce() 함수",https://derek0517.tistory.com/8,2025년 07월 23일,김강연,게시됨,Python
"알고리즘 문제 풀이 회고 (백준 1244번, 스위치 켜고 끄기), 스위치 상태 변환",https://derek0517.tistory.com/9,2025년 07월 24일,김강연,게시됨,알고리즘
A.s.01. BOJ 1244번 스위치 켜고 끄기,https://jjw3300.tistory.com/1,2025년 07월 24일,장진욱,게시됨,알고리즘
Python PEP 좋은 코드란 무엇일까?,https://jjw3300.tistory.com/2,2025년 07월 26일,장진욱,게시됨,Python
A.s.02. BOJ 13300번 방 배정,https://jjw3300.tistory.com/3,2025년 07월 28일,장진욱,게시됨,알고리즘
OOP(Object-Oriented Programming),https://derek0517.tistory.com/11,2025년 07월 31일,김강연,게시됨,Python
A.s.03-1. BOJ 13458번 시험 감독,https://jjw3300.tistory.com/5,2025년 08월 03일,장진욱,게시됨,알고리즘
A.s.03-2. BOJ 14501번 퇴사,https://jjw3300.tistory.com/6,2025년 08월 03일,장진욱,게시됨,알고리즘
버블 정렬,https://derek0517.tistory.com/12,2025년 08월 04일,김강연,게시됨,알고리즘
로지스틱 회귀,https://ss-coding-99.tistory.com/3,2025년 07월 24일,정수민,게시됨,머신러닝
백준 13251번 - 조약돌 꺼내,https://ss-coding-99.tistory.com/2,2025년 07월 22일,정수민,게시됨,알고리즘
백준 11441번 - 합 구하기,https://ss-coding-99.tistory.com/4,2025년 07월 24일,정수민,게시됨,알고리즘
백준 1676번 - 팩토리얼 0의 개수,https://ss-coding-99.tistory.com/6,2025년 07월 28일,정수민,게시됨,알고리즘
백준 11478번 - 서로 다른 부분 문자열의 개수,https://ss-coding-99.tistory.com/7,2025년 07월 29일,정수민,게시됨,알고리즘
Fluent Python - 01,https://ss-coding-99.tistory.com/9,2025년 08월 03일,정수민,게시됨,Python
퍼셉트론,https://ss-coding-99.tistory.com/10,2025년 08월 04일,정수민,게시됨,딥러닝
A.s.04-1. BOJ 2748번 피보나치 수 2,https://jjw3300.tistory.com/7,2025년 08월 05일,장진욱,게시됨,알고리즘
A.s.04-2. BOJ 2579번 계단 오르기,https://jjw3300.tistory.com/8,2025년 08월 05일,장진욱,게시됨,알고리즘
카운팅 정렬과 탐욕 알고리즘(Greedy),https://derek0517.tistory.com/13,2025년 08월 05일,김강연,게시됨,알고리즘
델타를 이용한 2차원 배열 탐색 방법,https://derek0517.tistory.com/14,2025년 08월 06일,김강연,게시됨,알고리즘
A.s.05-1. BOJ 2798번 블랙잭,https://jjw3300.tistory.com/10,2025년 08월 07일,장진욱,게시됨,알고리즘
A.s.05-2. BOJ 2503번 숫자 야구,https://jjw3300.tistory.com/11,2025년 08월 07일,장진욱,게시됨,알고리즘
컴퓨터 구조의 큰 그림,https://jjw3300.tistory.com/12,2025년 08월 08일,장진욱,게시됨,CS
Bubble Sort와 Selection Sort의 차이점,https://derek0517.tistory.com/15,2025년 08월 09일,김강연,게시됨,알고리즘
Django란 무엇인가?,https://derek0517.tistory.com/16,2025년 08월 11일,김강연,게시됨,Django
A.s.06-1. BOJ 1417번 국회의원 선거,https://jjw3300.tistory.com/13,2025년 08월 12일,장진욱,게시됨,알고리즘
A.s.06-2. BOJ 5545번 최고의 피자,https://jjw3300.tistory.com/14,2025년 08월 12일,장진욱,게시됨,알고리즘
[백준] 1158번 : 요세푸스,https://derek0517.tistory.com/21,2025년 08월 21일,김강연,게시됨,알고리즘
A.s.07-1. BOJ 10845번 큐,https://jjw3300.tistory.com/16,2025년 08월 22일,장진욱,게시됨,알고리즘
A.s.07-2. BOJ 1158번 요세푸스 문제,https://jjw3300.tistory.com/17,2025년 08월 22일,장진욱,게시됨,알고리즘
DFS(Depth First Search)란?,https://derek0517.tistory.com/22,2025년 08월 23일,김강연,게시됨,알고리즘
HTTP Method 완벽 가이드,https://derek0517.tistory.com/23,2025년 08월 24일,김강연,게시됨,CS
A.s.08-1. BOJ 2346번 풍선 터트리기,https://jjw3300.tistory.com/18,2025년 08월 26일,장진욱,게시됨,알고리즘
A.s.08-2. BOJ 11724번 연결 요소의 개수,https://jjw3300.tistory.com/19,2025년 08월 26일,장진욱,게시됨,알고리즘
[SSAFYcial] SSAFY에 지원해야 하는 이유! (With AI Tool),https://ss-coding-99.tistory.com/26,2025년 08월 26일,정수민,게시됨,기타
[파이썬] 트리에 대하여,https://ss-coding-99.tistory.com/27,2025년 08월 26일,정수민,게시됨,알고리즘
A.s.11-1. BOJ 18126번 너구리 구구,https://jjw3300.tistory.com/25,2025년 09월 08일,장진욱,게시됨,알고리즘
A.s.11-2. BOJ 16437번 양 구출 작전,https://jjw3300.tistory.com/25,2025년 09월 08일,장진욱,게시됨,알고리즘
Algo. SWEA 5656번 벽돌 깨기,https://jjw3300.tistory.com/27,2025년 09월 08일,장진욱,게시됨,알고리즘
"파이썬 표준 라이브러리 ? heapq, bisect, collections, pprint 정리",https://jjw3300.tistory.com/28,2025년 09월 09일,장진욱,게시됨,Python
A.s.11-1. BOJ 1707번 이분 그래프,https://jjw3300.tistory.com/29,2025년 09월 09일,장진욱,게시됨,알고리즘
A.s.11-2. BOJ 1987번 알파벳,https://jjw3300.tistory.com/30,2025년 09월 09일,장진욱,게시됨,알고리즘
[CSAPP] hello.c 빌드 및 실행 과정 분석: 소스 코드에서 프로세스까지,https://platypus3036.tistory.com/99,2025년 10월 20일,배재유,게시됨,CS
"[Java] String 형변환: String.valueOf(), toString(), """"의 성능과 안전성?비교 분석",https://platypus3036.tistory.com/101,2025년 10월 21일,배재유,게시됨,CS
[CSAPP] 메모리 계층과 OS의 추상화: CPU는 어떻게 하드웨어를 효율적으로 사용하는가?,https://platypus3036.tistory.com/102,2025년 10월 21일,배재유,게시됨,CS
오버로딩(Overloading)과 오버라이딩(Overriding)의 차이점,https://jjw3300.tistory.com/41,2025년 10월 21일,장진욱,게시됨,CS
"C언어, 자바, 파이썬에서의 자료구조와 메모리 관리 비교",https://jjw3300.tistory.com/42,2025년 10월 21일,장진욱,게시됨,CS
[Go 언어] 상수,https://derek0517.tistory.com/50,2025년 10월 16일,김강연,게시됨,GO
[AI] Numpy 기초 가이드,https://derek0517.tistory.com/51,2025년 10월 17일,김강연,게시됨,Python
[AI] Pandas 기초 가이드,https://derek0517.tistory.com/52,2025년 10월 18일,김강연,게시됨,Python
[Go 언어] if 문,https://derek0517.tistory.com/53,2025년 10월 19일,김강연,게시됨,GO
[Go 언어] switch 문,https://derek0517.tistory.com/54,2025년 10월 21일,김강연,게시됨,GO
[CSAPP] 비트와 바이트: 컴퓨터는 어떻게 숫자와 문자를 저장하고 해석하는가?,https://platypus3036.tistory.com/104,2025년 10월 22일,배재유,게시됨,CS
백준 1644번 : 소수의 연속합,https://ss-coding-99.tistory.com/53,2025년 10월 22일,정수민,게시됨,알고리즘
https://blopz.tistory.com/65,https://blopz.tistory.com/65,2025년 10월 22일,김민재,게시됨,CS
[1874] 스택 수열,https://blopz.tistory.com/66,2025년 10월 22일,김민재,게시됨,알고리즘
[1929] 소수?구하기,https://blopz.tistory.com/67,2025년 10월 22일,김민재,게시됨,알고리즘
[7569] 토마토,https://blopz.tistory.com/68,2025년 10월 22일,김민재,게시됨,알고리즘
[7576] 토마토,https://blopz.tistory.com/69,2025년 10월 22일,김민재,게시됨,알고리즘
[Go 언어] for 문,https://derek0517.tistory.com/56,2025년 10월 24일,김강연,게시됨,GO
[Go 언어] 구조체,https://derek0517.tistory.com/57,2025년 10월 28일,김강연,게시됨,GO
운영체제를 알아야 하는 이유,https://jjw3300.tistory.com/43,2025년 10월 28일,장진욱,게시됨,CS
운영체제의 큰 그림,https://jjw3300.tistory.com/44,2025년 10월 28일,장진욱,게시됨,CS
[CSAPP] 정수 오버플로우와 부동소수점의?비밀: 컴퓨터는 어떻게 숫자를 다루는가?,https://platypus3036.tistory.com/105,2025년 10월 29일,배재유,게시됨,CS
"[CSAPP] C언어에서?기계어까지: 레지스터, 데이터 이동, 스택의 모든 것",https://platypus3036.tistory.com/106,2025년 10월 29일,배재유,게시됨,CS
CSAPP_2016) chapter 2-1,https://blopz.tistory.com/70,2025년 10월 29일,김민재,게시됨,CS
[18110] solved.ac,https://blopz.tistory.com/72,2025년 10월 29일,김민재,게시됨,알고리즘
[1463] 1로 만들기,https://blopz.tistory.com/71,2025년 10월 29일,김민재,게시됨,알고리즘
[2448] 별 찍기 - 11,https://blopz.tistory.com/73,2025년 10월 29일,김민재,게시됨,알고리즘
[Deep learning] 선형 회귀,https://ss-coding-99.tistory.com/55,2025년 10월 27일,정수민,게시됨,딥러닝
